id,in_users,in_profiles,in_catalog_users,users_count,profiles_count,catalog_users_count
2617,no,yes,yes,0,1,1
4574,no,yes,yes,0,1,1
68927,no,yes,yes,0,1,1
76348,no,yes,yes,0,1,1
294577,no,yes,yes,0,1,1
373170,no,yes,yes,0,1,1
455457,no,yes,yes,0,1,1
476161,no,yes,yes,0,1,1
1433342,no,yes,yes,0,1,1
1720126,no,yes,yes,0,2,2
2183659,no,yes,yes,0,1,1
2757791,no,yes,yes,0,1,1
2808153,no,yes,yes,0,1,1
2881826,no,yes,yes,0,1,1
4147009,no,yes,yes,0,1,1
4887623,no,yes,yes,0,1,1
5060661,no,yes,yes,0,1,1
5400263,no,yes,yes,0,1,1
5592362,no,yes,yes,0,1,1
6076624,no,yes,yes,0,1,1
6437474,no,yes,yes,0,1,1
6506792,no,yes,yes,0,1,1
6627223,no,yes,yes,0,1,1
6644683,no,yes,yes,0,1,1
7147638,no,yes,yes,0,1,1
7148238,no,yes,yes,0,2,2
7466442,no,yes,yes,0,1,1
8089547,no,yes,yes,0,1,1
8729884,no,yes,yes,0,1,1
9297827,no,yes,yes,0,1,1
9597899,no,yes,yes,0,1,1
9625433,no,yes,yes,0,1,1
10575203,no,yes,yes,0,1,1
10653558,no,yes,yes,0,1,1
10963895,no,yes,yes,0,1,1
11176561,no,yes,yes,0,1,1
11344503,no,yes,yes,0,1,1
13017918,no,yes,yes,0,1,1
13094642,no,yes,yes,0,1,1
13397022,no,yes,yes,0,1,1
13563299,no,yes,yes,0,1,1
13652931,no,yes,yes,0,1,1
14477924,no,yes,yes,0,2,2
14507196,no,yes,yes,0,1,1
16409252,no,yes,yes,0,1,1
16521271,no,yes,yes,0,1,1
16722703,no,yes,yes,0,1,1
17176288,no,yes,yes,0,1,1
17377690,no,yes,yes,0,1,1
17474311,no,yes,yes,0,1,1
18216993,no,yes,yes,0,1,1
18573994,no,yes,yes,0,1,1
19208798,no,yes,yes,0,1,1
19846384,no,yes,yes,0,1,1
20386334,no,yes,yes,0,1,1
20453322,no,yes,yes,0,1,1
20720185,no,yes,yes,0,1,1
21343614,no,yes,yes,0,1,1
22486789,no,yes,yes,0,1,1
22505982,no,yes,yes,0,1,1
22757430,no,yes,yes,0,1,1
23143588,no,yes,yes,0,1,1
23799887,no,yes,yes,0,1,1
23977552,no,yes,yes,0,1,1
25802046,no,yes,yes,0,2,2
25888794,no,yes,yes,0,1,1
26554563,no,yes,yes,0,1,1
26884310,no,yes,yes,0,1,1
28079780,no,yes,yes,0,1,1
28280276,no,yes,yes,0,1,1
29355166,no,yes,yes,0,1,1
30506045,no,yes,yes,0,1,1
30516373,no,yes,yes,0,1,1
30542028,no,yes,yes,0,1,1
30903990,no,yes,yes,0,1,1
32405774,no,yes,yes,0,1,1
33545305,no,yes,yes,0,1,1
38068582,no,yes,yes,0,1,1
38717867,no,yes,yes,0,1,1
40810266,no,yes,yes,0,1,1
42945038,no,yes,yes,0,2,2
44030138,no,yes,yes,0,1,1
44200056,no,yes,yes,0,1,1
44515003,no,yes,yes,0,1,1
44652859,no,yes,yes,0,1,1
44932437,no,yes,yes,0,1,1
46079811,no,yes,yes,0,1,1
46959026,no,yes,yes,0,1,1
47693986,no,yes,yes,0,1,1
48085356,no,yes,yes,0,1,1
50447568,no,yes,yes,0,2,2
51053554,no,yes,yes,0,1,1
52137613,no,yes,yes,0,1,1
52198252,no,yes,yes,0,1,1
52809441,no,yes,yes,0,1,1
53635690,no,yes,yes,0,1,1
54270904,no,yes,yes,0,1,1
54406526,no,yes,yes,0,1,1
54574863,no,yes,yes,0,1,1
54845515,no,yes,yes,0,1,1
59791919,no,yes,yes,0,1,1
61650562,no,yes,yes,0,1,1
63335280,no,yes,yes,0,1,1
63349071,no,yes,yes,0,1,1
63590999,no,yes,yes,0,1,1
67562946,no,yes,yes,0,1,1
68534410,no,yes,yes,0,1,1
72140877,no,yes,yes,0,1,1
72267281,no,yes,yes,0,2,2
73141671,no,yes,yes,0,1,1
74251569,no,yes,yes,0,1,1
74602211,no,yes,yes,0,1,1
79201190,no,yes,yes,0,1,1
79664613,no,yes,yes,0,1,1
81040674,no,yes,yes,0,2,2
81297005,no,yes,yes,0,1,1
82029701,no,yes,yes,0,1,1
82177379,no,yes,yes,0,1,1
82829651,no,yes,yes,0,2,2
83132571,no,yes,yes,0,1,1
85696004,no,yes,yes,0,1,1
87741587,no,yes,yes,0,1,1
88809814,no,yes,yes,0,1,1
90114682,no,yes,yes,0,2,2
91268742,no,yes,yes,0,1,1
92031703,no,yes,yes,0,1,1
92393529,no,yes,yes,0,1,1
92812142,no,yes,yes,0,1,1
93808169,no,yes,yes,0,1,1
93944667,no,yes,yes,0,1,1
94432125,no,yes,yes,0,2,2
95461008,no,yes,yes,0,1,1
96370532,no,yes,yes,0,1,1
96831258,no,yes,yes,0,1,1
99232302,no,yes,yes,0,1,1
99545362,no,yes,yes,0,1,1
100117529,no,yes,yes,0,1,1
104916144,no,yes,yes,0,1,1
105022081,no,yes,yes,0,1,1
105909298,no,yes,yes,0,1,1
106563475,no,yes,yes,0,1,1
108588174,no,yes,yes,0,1,1
109358130,no,yes,yes,0,1,1
114202649,no,yes,yes,0,2,2
116514592,no,yes,yes,0,1,1
117160088,no,yes,yes,0,1,1
118616259,no,yes,yes,0,1,1
122836932,no,yes,yes,0,1,1
124340286,no,yes,yes,0,1,1
125336201,no,yes,yes,0,1,1
130179531,no,yes,yes,0,1,1
132705731,no,yes,yes,0,1,1
133310945,no,yes,yes,0,1,1
136467859,no,yes,yes,0,1,1
136746949,no,yes,yes,0,1,1
137661938,no,yes,yes,0,1,1
137761692,no,yes,yes,0,1,1
137804295,no,yes,yes,0,1,1
140223263,no,yes,yes,0,1,1
141958279,no,yes,yes,0,1,1
143017565,no,yes,yes,0,1,1
143897004,no,yes,yes,0,1,1
144234681,no,yes,yes,0,2,2
144442993,no,yes,yes,0,2,2
144752982,no,yes,yes,0,2,2
144882961,no,yes,yes,0,1,1
145457508,no,yes,yes,0,1,1
148717611,no,yes,yes,0,1,1
150254006,no,yes,yes,0,1,1
150386843,no,yes,yes,0,1,1
150561166,no,yes,yes,0,1,1
151114190,no,yes,yes,0,1,1
151233196,no,yes,yes,0,1,1
151876087,no,yes,yes,0,1,1
153486634,no,yes,yes,0,1,1
154091684,no,yes,yes,0,1,1
154112909,no,yes,yes,0,1,1
154329115,no,yes,yes,0,1,1
154577625,no,yes,yes,0,1,1
155419807,no,yes,yes,0,1,1
155990526,no,yes,yes,0,1,1
156706708,no,yes,yes,0,2,2
156970157,no,yes,yes,0,1,1
157352670,no,yes,yes,0,1,1
158461227,no,yes,yes,0,1,1
159968630,no,yes,yes,0,2,2
161555653,no,yes,yes,0,2,2
163882387,no,yes,yes,0,2,2
164048103,no,yes,yes,0,1,1
166870400,no,yes,yes,0,1,1
168240617,no,yes,yes,0,1,1
169902419,no,yes,yes,0,1,1
170023005,no,yes,yes,0,1,1
170196960,no,yes,yes,0,1,1
171310284,no,yes,yes,0,1,1
172373132,no,yes,yes,0,2,2
172897310,no,yes,yes,0,1,1
173364548,no,yes,yes,0,1,1
174282649,no,yes,yes,0,1,1
174300472,no,yes,yes,0,1,1
176036214,no,yes,yes,0,1,1
177038510,no,yes,yes,0,1,1
178870268,no,yes,yes,0,1,1
179506947,no,yes,yes,0,1,1
179817490,no,yes,yes,0,1,1
179941894,no,yes,yes,0,2,2
180073068,no,yes,yes,0,1,1
181310225,no,yes,yes,0,1,1
181358896,no,yes,yes,0,1,1
182226866,no,yes,yes,0,1,1
183286554,no,yes,yes,0,1,1
184680549,no,yes,yes,0,1,1
184826239,no,yes,yes,0,1,1
185818836,no,yes,yes,0,2,2
186415569,no,yes,yes,0,2,2
187299525,no,yes,yes,0,1,1
188983861,no,yes,yes,0,1,1
189333078,no,yes,yes,0,1,1
190505211,no,yes,yes,0,1,1
192124592,no,yes,yes,0,1,1
192847494,no,yes,yes,0,1,1
193898856,no,yes,yes,0,1,1
194659227,no,yes,yes,0,1,1
194680003,no,yes,yes,0,1,1
194756395,no,yes,yes,0,1,1
195004550,no,yes,yes,0,1,1
195055897,no,yes,yes,0,2,2
195518472,no,yes,yes,0,2,2
195901987,no,yes,yes,0,2,2
197105625,no,yes,yes,0,1,1
197871165,no,yes,yes,0,1,1
198042494,no,yes,yes,0,2,2
198703349,no,yes,yes,0,1,1
198813213,no,yes,yes,0,1,1
199531402,no,yes,yes,0,1,1
202857286,no,yes,yes,0,1,1
205432033,no,yes,yes,0,1,1
207807223,no,yes,yes,0,1,1
208440005,no,yes,yes,0,1,1
208892827,no,yes,yes,0,1,1
208989798,no,yes,yes,0,1,1
209033921,no,yes,yes,0,2,2
209149607,no,yes,yes,0,1,1
209221826,no,yes,yes,0,1,1
209648680,no,yes,yes,0,1,1
210361988,no,yes,yes,0,1,1
212506594,no,yes,yes,0,1,1
215073202,no,yes,yes,0,1,1
216150493,no,yes,yes,0,2,2
216275930,no,yes,yes,0,1,1
216409897,no,yes,yes,0,1,1
216814332,no,yes,yes,0,1,1
217129478,no,yes,yes,0,1,1
220032526,no,yes,yes,0,1,1
220179141,no,yes,yes,0,1,1
220349311,no,yes,yes,0,1,1
221545570,no,yes,yes,0,2,2
221597182,no,yes,yes,0,1,1
222149838,no,yes,yes,0,2,2
222269820,no,yes,yes,0,1,1
222913281,no,yes,yes,0,1,1
223430371,no,yes,yes,0,1,1
227622761,no,yes,yes,0,1,1
228281919,no,yes,yes,0,1,1
228348565,no,yes,yes,0,1,1
230173495,no,yes,yes,0,1,1
230302965,no,yes,yes,0,1,1
231162567,no,yes,yes,0,1,1
231298303,no,yes,yes,0,1,1
232127041,no,yes,yes,0,1,1
232414054,no,yes,yes,0,1,1
232446391,no,yes,yes,0,1,1
232636143,no,yes,yes,0,1,1
232770707,no,yes,yes,0,1,1
232879741,no,yes,yes,0,1,1
234949935,no,yes,yes,0,1,1
235803421,no,yes,yes,0,2,2
236215973,no,yes,yes,0,1,1
236340528,no,yes,yes,0,1,1
236517352,no,yes,yes,0,1,1
237638687,no,yes,yes,0,2,2
237642629,no,yes,yes,0,1,1
239668245,no,yes,yes,0,1,1
239835268,no,yes,yes,0,1,1
240098638,no,yes,yes,0,1,1
241374879,no,yes,yes,0,2,2
245081606,no,yes,yes,0,1,1
245642343,no,yes,yes,0,1,1
245939136,no,yes,yes,0,2,2
246039636,no,yes,yes,0,2,2
246749948,no,yes,yes,0,1,1
246986296,no,yes,yes,0,1,1
247906342,no,yes,yes,0,2,2
248139651,no,yes,yes,0,1,1
248828357,no,yes,yes,0,2,2
250232705,no,yes,yes,0,1,1
250873343,no,yes,yes,0,1,1
251140354,no,yes,yes,0,1,1
255480676,no,yes,yes,0,1,1
256044643,no,yes,yes,0,1,1
257701663,no,yes,yes,0,1,1
257745557,no,yes,yes,0,1,1
259895750,no,yes,yes,0,1,1
260352493,no,yes,yes,0,1,1
260647876,no,yes,yes,0,2,2
261319397,no,yes,yes,0,1,1
262006525,no,yes,yes,0,1,1
262147983,no,yes,yes,0,1,1
262508487,no,yes,yes,0,2,2
264825949,no,yes,yes,0,1,1
264867166,no,yes,yes,0,1,1
265494018,no,yes,yes,0,1,1
266353363,no,yes,yes,0,1,1
266983080,no,yes,yes,0,1,1
267955147,no,yes,yes,0,1,1
270115922,no,yes,yes,0,1,1
270126679,no,yes,yes,0,1,1
270433569,no,yes,yes,0,1,1
270805147,no,yes,yes,0,1,1
272340441,no,yes,yes,0,1,1
272421757,no,yes,yes,0,1,1
274004171,no,yes,yes,0,2,2
274665144,no,yes,yes,0,1,1
274766404,no,yes,yes,0,1,1
276623324,no,yes,yes,0,2,2
277216175,no,yes,yes,0,1,1
277529706,no,yes,yes,0,1,1
277696760,no,yes,yes,0,2,2
277766181,no,yes,yes,0,2,2
277798315,no,yes,yes,0,1,1
278638452,no,yes,yes,0,1,1
278978085,no,yes,yes,0,2,2
279654664,no,yes,yes,0,1,1
281400957,no,yes,yes,0,1,1
281663110,no,yes,yes,0,1,1
282137570,no,yes,yes,0,1,1
282371408,no,yes,yes,0,1,1
282641981,no,yes,yes,0,1,1
283783930,no,yes,yes,0,1,1
284339471,no,yes,yes,0,1,1
284880519,no,yes,yes,0,1,1
285941867,no,yes,yes,0,1,1
286032179,no,yes,yes,0,1,1
286052291,no,yes,yes,0,1,1
286343265,no,yes,yes,0,1,1
286636351,no,yes,yes,0,2,2
287386882,no,yes,yes,0,1,1
287797916,no,yes,yes,0,1,1
288243858,no,yes,yes,0,1,1
288334678,no,yes,yes,0,1,1
288382742,no,yes,yes,0,2,2
292458095,no,yes,yes,0,1,1
293467739,no,yes,yes,0,2,2
296163807,no,yes,yes,0,2,2
297584752,no,yes,yes,0,1,1
298428243,no,yes,yes,0,2,2
299185430,no,yes,yes,0,2,2
299502561,no,yes,yes,0,1,1
301466580,no,yes,yes,0,1,1
303406350,no,yes,yes,0,1,1
304207538,no,yes,yes,0,1,1
304554846,no,yes,yes,0,1,1
304942160,no,yes,yes,0,1,1
305072930,no,yes,yes,0,2,2
306842535,no,yes,yes,0,1,1
307110655,no,yes,yes,0,1,1
307492791,no,yes,yes,0,2,2
309656411,no,yes,yes,0,1,1
311077125,no,yes,yes,0,1,1
311662035,no,yes,yes,0,1,1
312376014,no,yes,yes,0,2,2
314534083,no,yes,yes,0,1,1
314658043,no,yes,yes,0,1,1
315896354,no,yes,yes,0,1,1
316067799,no,yes,yes,0,1,1
316122340,no,yes,yes,0,1,1
317092148,no,yes,yes,0,2,2
318278990,no,yes,yes,0,1,1
318911534,no,yes,yes,0,1,1
319680613,no,yes,yes,0,1,1
319695647,no,yes,yes,0,1,1
321016489,no,yes,yes,0,1,1
321889021,no,yes,yes,0,1,1
321896116,no,yes,yes,0,1,1
322248948,no,yes,yes,0,1,1
323543147,no,yes,yes,0,2,2
324283007,no,yes,yes,0,1,1
325419345,no,yes,yes,0,1,1
326278544,no,yes,yes,0,1,1
327806876,no,yes,yes,0,1,1
328375260,no,yes,yes,0,2,2
329553591,no,yes,yes,0,1,1
330897751,no,yes,yes,0,1,1
331294401,no,yes,yes,0,1,1
332538422,no,yes,yes,0,2,2
333075217,no,yes,yes,0,2,2
335977161,no,yes,yes,0,1,1
336789725,no,yes,yes,0,1,1
336882453,no,yes,yes,0,1,1
337316857,no,yes,yes,0,1,1
338708571,no,yes,yes,0,1,1
339186799,no,yes,yes,0,1,1
339606329,no,yes,yes,0,1,1
340139716,no,yes,yes,0,1,1
340302756,no,yes,yes,0,1,1
340555909,no,yes,yes,0,1,1
341026514,no,yes,yes,0,1,1
341306954,no,yes,yes,0,2,2
341438575,no,yes,yes,0,1,1
342296617,no,yes,yes,0,1,1
343333339,no,yes,yes,0,1,1
343585767,no,yes,yes,0,1,1
344285155,no,yes,yes,0,2,2
344850503,no,yes,yes,0,1,1
344995241,no,yes,yes,0,1,1
345559797,no,yes,yes,0,1,1
346607350,no,yes,yes,0,2,2
346904544,no,yes,yes,0,1,1
347968100,no,yes,yes,0,1,1
348573382,no,yes,yes,0,1,1
348725338,no,yes,yes,0,1,1
350033143,no,yes,yes,0,1,1
351103686,no,yes,yes,0,1,1
352080027,no,yes,yes,0,1,1
352107141,no,yes,yes,0,1,1
352975667,no,yes,yes,0,1,1
354538089,no,yes,yes,0,1,1
355876671,no,yes,yes,0,1,1
357470409,no,yes,yes,0,1,1
358591834,no,yes,yes,0,2,2
358597990,no,yes,yes,0,1,1
359393422,no,yes,yes,0,2,2
359877416,no,yes,yes,0,1,1
360728324,no,yes,yes,0,1,1
360887949,no,yes,yes,0,1,1
360894429,no,yes,yes,0,1,1
360969959,no,yes,yes,0,1,1
361808612,no,yes,yes,0,1,1
364812256,no,yes,yes,0,1,1
365276579,no,yes,yes,0,1,1
365790277,no,yes,yes,0,1,1
366219636,no,yes,yes,0,1,1
366375436,no,yes,yes,0,1,1
367490018,no,yes,yes,0,1,1
368163456,no,yes,yes,0,1,1
368833438,no,yes,yes,0,1,1
373840777,no,yes,yes,0,1,1
374966480,no,yes,yes,0,2,2
375757786,no,yes,yes,0,1,1
376672164,no,yes,yes,0,1,1
377521760,no,yes,yes,0,1,1
378313295,no,yes,yes,0,1,1
379393263,no,yes,yes,0,1,1
380574973,no,yes,yes,0,1,1
381027757,no,yes,yes,0,1,1
381710812,no,yes,yes,0,1,1
381944156,no,yes,yes,0,1,1
383069703,no,yes,yes,0,1,1
383297400,no,yes,yes,0,1,1
383741895,no,yes,yes,0,2,2
383981989,no,yes,yes,0,1,1
384374061,no,yes,yes,0,2,2
384561580,no,yes,yes,0,1,1
384986820,no,yes,yes,0,2,2
385205627,no,yes,yes,0,1,1
386151135,no,yes,yes,0,1,1
386596371,no,yes,yes,0,1,1
387743337,no,yes,yes,0,1,1
390372572,no,yes,yes,0,1,1
392872173,no,yes,yes,0,1,1
393634578,no,yes,yes,0,2,2
394140489,no,yes,yes,0,2,2
397537602,no,yes,yes,0,1,1
398860588,no,yes,yes,0,1,1
399029006,no,yes,yes,0,1,1
399053643,no,yes,yes,0,1,1
399348378,no,yes,yes,0,1,1
399421621,no,yes,yes,0,2,2
400312934,no,yes,yes,0,1,1
400425645,no,yes,yes,0,1,1
401820145,no,yes,yes,0,1,1
402937331,no,yes,yes,0,1,1
403068223,no,yes,yes,0,2,2
403372343,no,yes,yes,0,1,1
403996225,no,yes,yes,0,1,1
404065343,no,yes,yes,0,1,1
405023164,no,yes,yes,0,2,2
405278326,no,yes,yes,0,1,1
407524588,no,yes,yes,0,2,2
407550318,no,yes,yes,0,2,2
410063785,no,yes,yes,0,2,2
411417294,no,yes,yes,0,2,2
411707416,no,yes,yes,0,1,1
411771054,no,yes,yes,0,1,1
413405164,no,yes,yes,0,1,1
413919702,no,yes,yes,0,1,1
414584218,no,yes,yes,0,1,1
414991803,no,yes,yes,0,1,1
415461948,no,yes,yes,0,1,1
416661676,no,yes,yes,0,2,2
417092787,no,yes,yes,0,1,1
417559463,no,yes,yes,0,1,1
417706919,no,yes,yes,0,1,1
420086170,no,yes,yes,0,1,1
421106009,no,yes,yes,0,1,1
421372208,no,yes,yes,0,1,1
423022306,no,yes,yes,0,1,1
423166880,no,yes,yes,0,1,1
424239186,no,yes,yes,0,1,1
425520938,no,yes,yes,0,1,1
427051505,no,yes,yes,0,1,1
429821996,no,yes,yes,0,1,1
431202426,no,yes,yes,0,1,1
432668078,no,yes,yes,0,1,1
432948783,no,yes,yes,0,1,1
434635529,no,yes,yes,0,1,1
434970679,no,yes,yes,0,2,2
436623346,no,yes,yes,0,1,1
437390529,no,yes,yes,0,1,1
437543453,no,yes,yes,0,1,1
437678244,no,yes,yes,0,1,1
437740341,no,yes,yes,0,1,1
439182587,no,yes,yes,0,2,2
439316917,no,yes,yes,0,2,2
439398294,no,yes,yes,0,1,1
439786865,no,yes,yes,0,1,1
440842136,no,yes,yes,0,1,1
441174253,no,yes,yes,0,2,2
442818376,no,yes,yes,0,1,1
443066771,no,yes,yes,0,1,1
443280370,no,yes,yes,0,1,1
444056815,no,yes,yes,0,1,1
444270381,no,yes,yes,0,1,1
445595687,no,yes,yes,0,1,1
446062202,no,yes,yes,0,1,1
446899882,no,yes,yes,0,1,1
447839305,no,yes,yes,0,1,1
449021210,no,yes,yes,0,1,1
451692711,no,yes,yes,0,1,1
451740525,no,yes,yes,0,1,1
452105347,no,yes,yes,0,2,2
452522254,no,yes,yes,0,2,2
453140370,no,yes,yes,0,1,1
453739597,no,yes,yes,0,1,1
453856060,no,yes,yes,0,1,1
454496314,no,yes,yes,0,1,1
455517441,no,yes,yes,0,1,1
456070838,no,yes,yes,0,1,1
456108152,no,yes,yes,0,1,1
456835994,no,yes,yes,0,1,1
457339503,no,yes,yes,0,2,2
457478566,no,yes,yes,0,1,1
457732282,no,yes,yes,0,1,1
457908008,no,yes,yes,0,2,2
458826640,no,yes,yes,0,1,1
460264624,no,yes,yes,0,1,1
460383986,no,yes,yes,0,1,1
461042956,no,yes,yes,0,2,2
462103263,no,yes,yes,0,2,2
465457465,no,yes,yes,0,1,1
466072739,no,yes,yes,0,1,1
466264616,no,yes,yes,0,2,2
466650143,no,yes,yes,0,2,2
467427555,no,yes,yes,0,1,1
470186395,no,yes,yes,0,2,2
472936097,no,yes,yes,0,1,1
473502341,no,yes,yes,0,1,1
473512468,no,yes,yes,0,1,1
473967351,no,yes,yes,0,1,1
473977204,no,yes,yes,0,1,1
474361611,no,yes,yes,0,2,2
474500358,no,yes,yes,0,1,1
474629978,no,yes,yes,0,1,1
475058568,no,yes,yes,0,2,2
475346020,no,yes,yes,0,2,2
475423191,no,yes,yes,0,1,1
476001857,no,yes,yes,0,1,1
476022712,no,yes,yes,0,1,1
478608388,no,yes,yes,0,1,1
478663876,no,yes,yes,0,2,2
480367624,no,yes,yes,0,1,1
481381620,no,yes,yes,0,1,1
482599722,no,yes,yes,0,1,1
482943828,no,yes,yes,0,1,1
483909778,no,yes,yes,0,1,1
485042934,no,yes,yes,0,2,2
485319875,no,yes,yes,0,2,2
486112475,no,yes,yes,0,1,1
486979112,no,yes,yes,0,1,1
487151375,no,yes,yes,0,1,1
487466543,no,yes,yes,0,1,1
488014299,no,yes,yes,0,1,1
488229309,no,yes,yes,0,1,1
489553835,no,yes,yes,0,1,1
491923105,no,yes,yes,0,1,1
492229032,no,yes,yes,0,1,1
492733251,no,yes,yes,0,1,1
492736369,no,yes,yes,0,1,1
493815474,no,yes,yes,0,1,1
494322606,no,yes,yes,0,1,1
495547753,no,yes,yes,0,2,2
495824285,no,yes,yes,0,1,1
496124775,no,yes,yes,0,2,2
499670587,no,yes,yes,0,2,2
500557916,no,yes,yes,0,2,2
501056413,no,yes,yes,0,1,1
501207462,no,yes,yes,0,1,1
501632158,no,yes,yes,0,2,2
501686999,no,yes,yes,0,1,1
503417321,no,yes,yes,0,1,1
503488720,no,yes,yes,0,1,1
503993966,no,yes,yes,0,2,2
504222458,no,yes,yes,0,1,1
504244419,no,yes,yes,0,1,1
504699749,no,yes,yes,0,1,1
505842517,no,yes,yes,0,1,1
506922521,no,yes,yes,0,1,1
507488142,no,yes,yes,0,2,2
508220403,no,yes,yes,0,1,1
509011144,no,yes,yes,0,1,1
510069518,no,yes,yes,0,1,1
512591540,no,yes,yes,0,1,1
512923982,no,yes,yes,0,1,1
513075323,no,yes,yes,0,1,1
513453461,no,yes,yes,0,1,1
513779880,no,yes,yes,0,2,2
514802843,no,yes,yes,0,1,1
515410630,no,yes,yes,0,1,1
515899244,no,yes,yes,0,1,1
516413818,no,yes,yes,0,1,1
522452840,no,yes,yes,0,1,1
523874384,no,yes,yes,0,1,1
524374194,no,yes,yes,0,2,2
524403219,no,yes,yes,0,1,1
527687937,no,yes,yes,0,1,1
531541121,no,yes,yes,0,2,2
532450544,no,yes,yes,0,1,1
534359181,no,yes,yes,0,1,1
534827520,no,yes,yes,0,1,1
536137187,no,yes,yes,0,1,1
536300932,no,yes,yes,0,1,1
536445599,no,yes,yes,0,1,1
536767741,no,yes,yes,0,1,1
537267719,no,yes,yes,0,1,1
539026544,no,yes,yes,0,1,1
539107979,no,yes,yes,0,1,1
542375122,no,yes,yes,0,2,2
543712696,no,yes,yes,0,1,1
544276483,no,yes,yes,0,1,1
545041397,no,yes,yes,0,2,2
545936595,no,yes,yes,0,2,2
546440054,no,yes,yes,0,1,1
546557851,no,yes,yes,0,1,1
547982924,no,yes,yes,0,1,1
548418877,no,yes,yes,0,1,1
549227999,no,yes,yes,0,1,1
550007435,no,yes,yes,0,1,1
550042495,no,yes,yes,0,1,1
550075345,no,yes,yes,0,1,1
551105956,no,yes,yes,0,1,1
552435467,no,yes,yes,0,2,2
552758043,no,yes,yes,0,1,1
552785396,no,yes,yes,0,2,2
552829035,no,yes,yes,0,1,1
554877593,no,yes,yes,0,2,2
555402647,no,yes,yes,0,1,1
555549854,no,yes,yes,0,1,1
556244233,no,yes,yes,0,2,2
556546393,no,yes,yes,0,2,2
557017696,no,yes,yes,0,1,1
557115394,no,yes,yes,0,1,1
557230813,no,yes,yes,0,1,1
557492012,no,yes,yes,0,1,1
558820228,no,yes,yes,0,1,1
559196637,no,yes,yes,0,1,1
559459019,no,yes,yes,0,1,1
559748327,no,yes,yes,0,1,1
560156882,no,yes,yes,0,2,2
560937204,no,yes,yes,0,1,1
562576032,no,yes,yes,0,1,1
563084778,no,yes,yes,0,1,1
563649306,no,yes,yes,0,2,2
563842816,no,yes,yes,0,1,1
564082371,no,yes,yes,0,2,2
564488540,no,yes,yes,0,1,1
564769027,no,yes,yes,0,1,1
564800821,no,yes,yes,0,1,1
565297821,no,yes,yes,0,1,1
566199754,no,yes,yes,0,1,1
566672951,no,yes,yes,0,1,1
571479475,no,yes,yes,0,1,1
571556254,no,yes,yes,0,1,1
572182587,no,yes,yes,0,2,2
572614315,no,yes,yes,0,1,1
573020429,no,yes,yes,0,1,1
573103569,no,yes,yes,0,1,1
574234413,no,yes,yes,0,1,1
574254996,no,yes,yes,0,1,1
574334695,no,yes,yes,0,1,1
574422107,no,yes,yes,0,1,1
574694923,no,yes,yes,0,1,1
575608989,no,yes,yes,0,1,1
576003778,no,yes,yes,0,1,1
576830437,no,yes,yes,0,1,1
577064207,no,yes,yes,0,1,1
577686739,no,yes,yes,0,1,1
577698488,no,yes,yes,0,1,1
577824245,no,yes,yes,0,2,2
578033514,no,yes,yes,0,1,1
578612936,no,yes,yes,0,1,1
578904563,no,yes,yes,0,1,1
579213459,no,yes,yes,0,2,2
580827530,no,yes,yes,0,1,1
581769057,no,yes,yes,0,1,1
582201308,no,yes,yes,0,1,1
583208382,no,yes,yes,0,1,1
584917627,no,yes,yes,0,1,1
585216031,no,yes,yes,0,1,1
585290865,no,yes,yes,0,1,1
586189441,no,yes,yes,0,1,1
586686213,no,yes,yes,0,1,1
588434800,no,yes,yes,0,1,1
589071177,no,yes,yes,0,1,1
589855345,no,yes,yes,0,1,1
589894384,no,yes,yes,0,1,1
590585993,no,yes,yes,0,1,1
590686041,no,yes,yes,0,1,1
592117560,no,yes,yes,0,1,1
592217622,no,yes,yes,0,2,2
592232790,no,yes,yes,0,1,1
592517448,no,yes,yes,0,1,1
592681382,no,yes,yes,0,1,1
593953973,no,yes,yes,0,1,1
595144604,no,yes,yes,0,1,1
596018460,no,yes,yes,0,1,1
596164146,no,yes,yes,0,1,1
599292664,no,yes,yes,0,2,2
599479857,no,yes,yes,0,1,1
600007965,no,yes,yes,0,1,1
600441985,no,yes,yes,0,1,1
601007098,no,yes,yes,0,2,2
602893068,no,yes,yes,0,2,2
603374355,no,yes,yes,0,1,1
603996916,no,yes,yes,0,2,2
604885708,no,yes,yes,0,2,2
605161756,no,yes,yes,0,1,1
605732087,no,yes,yes,0,1,1
606320222,no,yes,yes,0,1,1
606398707,no,yes,yes,0,2,2
606989174,no,yes,yes,0,1,1
607911014,no,yes,yes,0,1,1
608410536,no,yes,yes,0,1,1
608510378,no,yes,yes,0,1,1
608903811,no,yes,yes,0,2,2
608989823,no,yes,yes,0,1,1
609175134,no,yes,yes,0,1,1
609258133,no,yes,yes,0,1,1
609327802,no,yes,yes,0,1,1
612152428,no,yes,yes,0,1,1
612459443,no,yes,yes,0,1,1
613619853,no,yes,yes,0,1,1
614016363,no,yes,yes,0,1,1
614429530,no,yes,yes,0,1,1
614651212,no,yes,yes,0,2,2
615009610,no,yes,yes,0,1,1
615180372,no,yes,yes,0,1,1
615455814,no,yes,yes,0,1,1
616146499,no,yes,yes,0,2,2
616274643,no,yes,yes,0,1,1
617273334,no,yes,yes,0,1,1
617276863,no,yes,yes,0,1,1
617427523,no,yes,yes,0,1,1
618156603,no,yes,yes,0,1,1
618472851,no,yes,yes,0,1,1
618533973,no,yes,yes,0,1,1
618630529,no,yes,yes,0,1,1
622127995,no,yes,yes,0,1,1
622297078,no,yes,yes,0,1,1
622361207,no,yes,yes,0,2,2
622446528,no,yes,yes,0,1,1
623711761,no,yes,yes,0,2,2
625317395,no,yes,yes,0,1,1
625333358,no,yes,yes,0,1,1
629932905,no,yes,yes,0,2,2
630778501,no,yes,yes,0,1,1
631294911,no,yes,yes,0,1,1
633496525,no,yes,yes,0,2,2
636450833,no,yes,yes,0,1,1
637401819,no,yes,yes,0,1,1
639492950,no,yes,yes,0,1,1
639511793,no,yes,yes,0,2,2
639769795,no,yes,yes,0,1,1
641863548,no,yes,yes,0,1,1
641931119,no,yes,yes,0,1,1
644806895,no,yes,yes,0,1,1
644953244,no,yes,yes,0,1,1
646295660,no,yes,yes,0,1,1
647105286,no,yes,yes,0,1,1
648572081,no,yes,yes,0,2,2
652742352,no,yes,yes,0,1,1
653452904,no,yes,yes,0,2,2
655321808,no,yes,yes,0,1,1
655435850,no,yes,yes,0,1,1
655469837,no,yes,yes,0,1,1
657216821,no,yes,yes,0,1,1
659168184,no,yes,yes,0,1,1
660844714,no,yes,yes,0,1,1
661398580,no,yes,yes,0,1,1
662450999,no,yes,yes,0,1,1
662451427,no,yes,yes,0,1,1
662452698,no,yes,yes,0,1,1
662555485,no,yes,yes,0,1,1
662773029,no,yes,yes,0,1,1
662918805,no,yes,yes,0,2,2
667046413,no,yes,yes,0,1,1
667881676,no,yes,yes,0,2,2
668062987,no,yes,yes,0,1,1
668602025,no,yes,yes,0,1,1
670241510,no,yes,yes,0,1,1
673438018,no,yes,yes,0,1,1
675208937,no,yes,yes,0,1,1
675330702,no,yes,yes,0,1,1
676194959,no,yes,yes,0,1,1
676828149,no,yes,yes,0,1,1
676919999,no,yes,yes,0,1,1
678219727,no,yes,yes,0,1,1
679181430,no,yes,yes,0,1,1
679477459,no,yes,yes,0,1,1
679810375,no,yes,yes,0,1,1
680412707,no,yes,yes,0,2,2
680477668,no,yes,yes,0,1,1
681331570,no,yes,yes,0,1,1
682742376,no,yes,yes,0,1,1
682804353,no,yes,yes,0,1,1
683038618,no,yes,yes,0,1,1
683344883,no,yes,yes,0,1,1
683992973,no,yes,yes,0,1,1
684143018,no,yes,yes,0,2,2
684521439,no,yes,yes,0,1,1
686557133,no,yes,yes,0,2,2
687692499,no,yes,yes,0,1,1
687711984,no,yes,yes,0,1,1
690166553,no,yes,yes,0,1,1
690801451,no,yes,yes,0,1,1
691138945,no,yes,yes,0,1,1
692739508,no,yes,yes,0,1,1
694231080,no,yes,yes,0,2,2
694249277,no,yes,yes,0,1,1
694281696,no,yes,yes,0,1,1
695107067,no,yes,yes,0,2,2
697278198,no,yes,yes,0,2,2
697617668,no,yes,yes,0,1,1
699079335,no,yes,yes,0,1,1
699323241,no,yes,yes,0,1,1
700234246,no,yes,yes,0,1,1
700241109,no,yes,yes,0,1,1
700724600,no,yes,yes,0,1,1
700960806,no,yes,yes,0,1,1
702337250,no,yes,yes,0,2,2
702426801,no,yes,yes,0,1,1
703629288,no,yes,yes,0,1,1
704217704,no,yes,yes,0,1,1
704228000,no,yes,yes,0,2,2
704232067,no,yes,yes,0,1,1
704233210,no,yes,yes,0,1,1
704246365,no,yes,yes,0,1,1
704416046,no,yes,yes,0,1,1
704685013,no,yes,yes,0,1,1
705830931,no,yes,yes,0,2,2
706160952,no,yes,yes,0,1,1
706819639,no,yes,yes,0,1,1
706871341,no,yes,yes,0,1,1
706897874,no,yes,yes,0,1,1
706912919,no,yes,yes,0,1,1
707328979,no,yes,yes,0,2,2
707531856,no,yes,yes,0,1,1
708040690,no,yes,yes,0,1,1
708303664,no,yes,yes,0,1,1
708539144,no,yes,yes,0,1,1
708736939,no,yes,yes,0,2,2
709960347,no,yes,yes,0,1,1
709979695,no,yes,yes,0,1,1
710096481,no,yes,yes,0,1,1
710234791,no,yes,yes,0,1,1
711726754,no,yes,yes,0,1,1
715804085,no,yes,yes,0,1,1
716714986,no,yes,yes,0,1,1
717804369,no,yes,yes,0,1,1
718600225,no,yes,yes,0,1,1
719004176,no,yes,yes,0,1,1
720517847,no,yes,yes,0,1,1
722518041,no,yes,yes,0,1,1
722526768,no,yes,yes,0,1,1
723038076,no,yes,yes,0,1,1
723222477,no,yes,yes,0,1,1
723503095,no,yes,yes,0,1,1
728215772,no,yes,yes,0,2,2
728784074,no,yes,yes,0,2,2
729206580,no,yes,yes,0,1,1
730132290,no,yes,yes,0,1,1
730903043,no,yes,yes,0,1,1
732511406,no,yes,yes,0,1,1
733094261,no,yes,yes,0,2,2
734330654,no,yes,yes,0,1,1
737587284,no,yes,yes,0,1,1
738671588,no,yes,yes,0,1,1
739187331,no,yes,yes,0,2,2
739440226,no,yes,yes,0,2,2
739586766,no,yes,yes,0,1,1
739766712,no,yes,yes,0,1,1
739788577,no,yes,yes,0,2,2
740301668,no,yes,yes,0,1,1
741031377,no,yes,yes,0,1,1
741379469,no,yes,yes,0,1,1
741724916,no,yes,yes,0,1,1
741866593,no,yes,yes,0,1,1
742892120,no,yes,yes,0,1,1
743159315,no,yes,yes,0,2,2
743357986,no,yes,yes,0,2,2
743467368,no,yes,yes,0,1,1
743761107,no,yes,yes,0,1,1
743938503,no,yes,yes,0,1,1
748001187,no,yes,yes,0,1,1
748004501,no,yes,yes,0,2,2
748401463,no,yes,yes,0,1,1
749501907,no,yes,yes,0,1,1
749672424,no,yes,yes,0,1,1
750622173,no,yes,yes,0,1,1
754664738,no,yes,yes,0,1,1
756358516,no,yes,yes,0,1,1
756709928,no,yes,yes,0,1,1
757056112,no,yes,yes,0,1,1
758743595,no,yes,yes,0,1,1
759907121,no,yes,yes,0,1,1
762630375,no,yes,yes,0,2,2
763606139,no,yes,yes,0,1,1
764108011,no,yes,yes,0,2,2
766377205,no,yes,yes,0,1,1
766426984,no,yes,yes,0,2,2
766575003,no,yes,yes,0,1,1
766980427,no,yes,yes,0,1,1
766980491,no,yes,yes,0,1,1
766981506,no,yes,yes,0,1,1
767196651,no,yes,yes,0,1,1
767852461,no,yes,yes,0,1,1
771574211,no,yes,yes,0,1,1
773206072,no,yes,yes,0,2,2
774159082,no,yes,yes,0,2,2
775036545,no,yes,yes,0,1,1
775076512,no,yes,yes,0,1,1
775614520,no,yes,yes,0,1,1
777504821,no,yes,yes,0,1,1
777794473,no,yes,yes,0,1,1
779704192,no,yes,yes,0,1,1
781352578,no,yes,yes,0,1,1
782733888,no,yes,yes,0,1,1
782819853,no,yes,yes,0,1,1
784622818,no,yes,yes,0,1,1
785020260,no,yes,yes,0,1,1
787225592,no,yes,yes,0,1,1
787317705,no,yes,yes,0,2,2
787632901,no,yes,yes,0,1,1
788711965,no,yes,yes,0,1,1
789943565,no,yes,yes,0,1,1
791604850,no,yes,yes,0,1,1
791943219,no,yes,yes,0,2,2
792460864,no,yes,yes,0,1,1
792550930,no,yes,yes,0,1,1
794876549,no,yes,yes,0,1,1
795025572,no,yes,yes,0,1,1
795238260,no,yes,yes,0,2,2
795985115,no,yes,yes,0,2,2
796322185,no,yes,yes,0,1,1
796791024,no,yes,yes,0,1,1
798061762,no,yes,yes,0,1,1
799167419,no,yes,yes,0,1,1
799328338,no,yes,yes,0,1,1
800816347,no,yes,yes,0,1,1
802055009,no,yes,yes,0,1,1
802522358,no,yes,yes,0,2,2
804354047,no,yes,yes,0,2,2
804444144,no,yes,yes,0,2,2
805566837,no,yes,yes,0,1,1
808120318,no,yes,yes,0,1,1
811004678,no,yes,yes,0,1,1
811009757,no,yes,yes,0,1,1
811860423,no,yes,yes,0,1,1
812555518,no,yes,yes,0,2,2
814045477,no,yes,yes,0,1,1
814071612,no,yes,yes,0,2,2
814479189,no,yes,yes,0,1,1
815890054,no,yes,yes,0,1,1
816644849,no,yes,yes,0,1,1
817126944,no,yes,yes,0,1,1
817971549,no,yes,yes,0,1,1
818557433,no,yes,yes,0,1,1
818571124,no,yes,yes,0,1,1
818629874,no,yes,yes,0,2,2
818945069,no,yes,yes,0,1,1
819765199,no,yes,yes,0,1,1
820315346,no,yes,yes,0,1,1
820479712,no,yes,yes,0,2,2
821181301,no,yes,yes,0,2,2
821885767,no,yes,yes,0,1,1
823742652,no,yes,yes,0,2,2
823932034,no,yes,yes,0,1,1
824475457,no,yes,yes,0,2,2
825378943,no,yes,yes,0,1,1
825416272,no,yes,yes,0,1,1
825496594,no,yes,yes,0,2,2
826750037,no,yes,yes,0,1,1
827148196,no,yes,yes,0,1,1
827866476,no,yes,yes,0,2,2
828034767,no,yes,yes,0,2,2
828158524,no,yes,yes,0,1,1
828384887,no,yes,yes,0,1,1
828396321,no,yes,yes,0,1,1
828489663,no,yes,yes,0,1,1
828828271,no,yes,yes,0,1,1
829095175,no,yes,yes,0,2,2
829646870,no,yes,yes,0,1,1
829730770,no,yes,yes,0,2,2
830668377,no,yes,yes,0,2,2
831746162,no,yes,yes,0,2,2
832853407,no,yes,yes,0,1,1
833026774,no,yes,yes,0,1,1
833077174,no,yes,yes,0,2,2
834338599,no,yes,yes,0,2,2
834654201,no,yes,yes,0,1,1
834696920,no,yes,yes,0,2,2
834919566,no,yes,yes,0,2,2
834957167,no,yes,yes,0,1,1
835187755,no,yes,yes,0,1,1
835936181,no,yes,yes,0,1,1
836505298,no,yes,yes,0,1,1
836702078,no,yes,yes,0,1,1
837766430,no,yes,yes,0,2,2
839999468,no,yes,yes,0,2,2
841168842,no,yes,yes,0,1,1
842014934,no,yes,yes,0,1,1
843167921,no,yes,yes,0,2,2
844314037,no,yes,yes,0,1,1
844465448,no,yes,yes,0,1,1
845707460,no,yes,yes,0,2,2
845810983,no,yes,yes,0,1,1
845936386,no,yes,yes,0,2,2
846118142,no,yes,yes,0,1,1
846123418,no,yes,yes,0,1,1
847524002,no,yes,yes,0,2,2
847593896,no,yes,yes,0,1,1
847734284,no,yes,yes,0,1,1
847806286,no,yes,yes,0,1,1
847858800,no,yes,yes,0,1,1
847938925,no,yes,yes,0,2,2
848096491,no,yes,yes,0,1,1
848497863,no,yes,yes,0,1,1
848655796,no,yes,yes,0,2,2
848842628,no,yes,yes,0,1,1
849031494,no,yes,yes,0,1,1
849209469,no,yes,yes,0,1,1
849792776,no,yes,yes,0,1,1
849823751,no,yes,yes,0,1,1
849971454,no,yes,yes,0,1,1
849998636,no,yes,yes,0,1,1
850608824,no,yes,yes,0,1,1
851049546,no,yes,yes,0,1,1
853583305,no,yes,yes,0,2,2
856864876,no,yes,yes,0,1,1
856867007,no,yes,yes,0,1,1
857614041,no,yes,yes,0,1,1
857730973,no,yes,yes,0,1,1
860438093,no,yes,yes,0,2,2
860637222,no,yes,yes,0,1,1
862291487,no,yes,yes,0,1,1
862299001,no,yes,yes,0,1,1
862359406,no,yes,yes,0,1,1
862949374,no,yes,yes,0,2,2
863110019,no,yes,yes,0,1,1
863926126,no,yes,yes,0,1,1
869112490,no,yes,yes,0,1,1
870191329,no,yes,yes,0,1,1
870642753,no,yes,yes,0,1,1
872600664,no,yes,yes,0,1,1
873194463,no,yes,yes,0,1,1
875728579,no,yes,yes,0,1,1
876772598,no,yes,yes,0,1,1
878198647,no,yes,yes,0,1,1
880231145,no,yes,yes,0,1,1
882080782,no,yes,yes,0,1,1
882368347,no,yes,yes,0,2,2
887663551,no,yes,yes,0,1,1
888173727,no,yes,yes,0,2,2
892211245,no,yes,yes,0,1,1
948653616,no,yes,yes,0,2,2
1019458161,no,yes,yes,0,1,1
1033265013,no,yes,yes,0,2,2
1035754771,no,yes,yes,0,1,1
1036580292,no,yes,yes,0,1,1
1072230238,no,yes,yes,0,1,1
